"","EIR","ft","S","D","A","T","phi","b","m","Sv","Ev","Iv","a","cA","cD","cT","n","mu","rD","rA","rT_S","rT_R"
"1",0.25,0.1,0.898985839211601,0.0014270575532996,0.0994285412847327,0.000158561950366623,0.786313766064497,0.589759742553586,0.684733539917913,0.98778966198611,0.0089485256814445,0.00326181233244566,0.306666666666667,0.0525067252759047,0.0676909,0.0217964698,10,0.132,0.2,0.00333333333333333,0.2,0.2
"2",0.5,0.1,0.817593886266532,0.00277056236329404,0.179327711107586,0.000307840262588227,0.765827799655238,0.588689303395103,0.803208678119636,0.979181430182208,0.0152571948830192,0.00556137493477317,0.306666666666667,0.049949375901498,0.0676909,0.0217964698,10,0.132,0.2,0.00333333333333333,0.2,0.2
"3",0.75,0.1,0.750475894280973,0.00395112038927467,0.245133971953166,0.000439013376586075,0.731386732372293,0.586817531916873,0.913141050362907,0.972531643489724,0.0201305887993975,0.0073377677108781,0.306666666666667,0.0484643255918186,0.0676909,0.0217964698,10,0.132,0.2,0.00333333333333333,0.2,0.2
"4",1,0.1,0.694131385158175,0.00493287028837558,0.300387647854741,0.000548096698708398,0.688709862276338,0.5841584257663,1.01991720394185,0.967209777658297,0.0240307963949249,0.0087594259467782,0.306666666666667,0.0474276759391267,0.0676909,0.0217964698,10,0.132,0.2,0.00333333333333333,0.2,0.2
"5",1.5,0.1,0.605070463932281,0.0063483409596148,0.38787582389037,0.000705371217734978,0.599488280222808,0.57669061244688,1.23007505258922,0.959217961761375,0.029887716138967,0.0108943220996578,0.306666666666667,0.0460333746352807,0.0676909,0.0217964698,10,0.132,0.2,0.00333333333333333,0.2,0.2
"6",2,0.1,0.538424738766804,0.00723026902483843,0.453541628983375,0.000803363224982048,0.521446273510042,0.566889347201648,1.43911182609242,0.953522288843684,0.0340618737518921,0.0124158374044241,0.306666666666667,0.0451421127658312,0.0676909,0.0217964698,10,0.132,0.2,0.00333333333333333,0.2,0.2
"7",2.5,0.1,0.487161289093385,0.00777935272006608,0.504194985662097,0.000864372524451787,0.458327208318407,0.555492763474353,1.64835887001848,0.949277865858473,0.0371724615212778,0.0135496726202492,0.306666666666667,0.0445337717117304,0.0676909,0.0217964698,10,0.132,0.2,0.00333333333333333,0.2,0.2
"8",3,0.1,0.44673999397686,0.00812073499928601,0.544236967135044,0.000902303888809557,0.407870006391506,0.543211689408894,1.85813712569518,0.946005096031539,0.0395709589922291,0.014423944976232,0.306666666666667,0.0440955989520496,0.0676909,0.0217964698,10,0.132,0.2,0.00333333333333333,0.2,0.2
"9",3.5,0.1,0.414119664979614,0.00832869373086002,0.576626230874986,0.000925410414540002,0.367137270639135,0.530638115041674,2.06844960455799,0.943410953137122,0.0414721147412034,0.0151169321216746,0.306666666666667,0.0437632141607106,0.0676909,0.0217964698,10,0.132,0.2,0.00333333333333333,0.2,0.2
"10",4,0.1,0.387221550644583,0.00844866481111469,0.603391044009735,0.000938740534568299,0.333730442006444,0.518213557522305,2.27920077925913,0.941306949011746,0.0430140650892099,0.0156789858990443,0.306666666666667,0.0434981955144138,0.0676909,0.0217964698,10,0.132,0.2,0.00333333333333333,0.2,0.2
"11",4.5,0.1,0.364601837819898,0.00850958258419474,0.625943070419886,0.000945509176021638,0.305878224193438,0.506236394337482,2.49027781065555,0.939567022261826,0.0442891959813911,0.0161437817567826,0.306666666666667,0.0432770146992227,0.0676909,0.0217964698,10,0.132,0.2,0.00333333333333333,0.2,0.2
"12",5,0.1,0.345242570437128,0.00853047795617225,0.645279120722681,0.000947830884019139,0.282301503716794,0.494887551283733,2.70158000748448,0.938104161648499,0.0453612748830431,0.0165345634684576,0.306666666666667,0.0430850234232661,0.0676909,0.0217964698,10,0.132,0.2,0.00333333333333333,0.2,0.2
"13",6,0.1,0.313590456137432,0.00849934368485983,0.676965828657168,0.000944371520539981,0.244512936585071,0.474387778565875,3.12455798351347,0.935779757526326,0.0470647486081486,0.0171554938655249,0.306666666666667,0.0427551251843008,0.0676909,0.0217964698,10,0.132,0.2,0.00333333333333333,0.2,0.2
"14",7,0.1,0.288483860832011,0.00841655379894868,0.702164412724712,0.000935172644327632,0.215485708771308,0.456855286638858,3.54771021322832,0.934012878972254,0.048359631526142,0.0176274895016041,0.306666666666667,0.0424682590791706,0.0676909,0.0217964698,10,0.132,0.2,0.00333333333333333,0.2,0.2
"15",8,0.1,0.267812596271822,0.00831150267233952,0.722952400758912,0.000923500296926613,0.192427339683931,0.442010393857869,3.97082478450428,0.932621933825154,0.0493790061213536,0.0179990600534926,0.306666666666667,0.0422080145419796,0.0676909,0.0217964698,10,0.132,0.2,0.00333333333333333,0.2,0.2
"16",9,0.1,0.250323270150115,0.00819851349876077,0.740567270406817,0.000910945944306752,0.173632054774763,0.42945470989594,4.39381287425338,0.931496899025866,0.0502035044098118,0.0182995965643225,0.306666666666667,0.0419674666328616,0.0676909,0.0217964698,10,0.132,0.2,0.00333333333333333,0.2,0.2
"17",10,0.1,0.235225747216343,0.00808451904629892,0.755791453843325,0.000898279894033213,0.157996969910667,0.418797989916085,4.81665259759909,0.930567315766034,0.0508847631648262,0.0185479210691401,0.306666666666667,0.0417434269691258,0.0676909,0.0217964698,10,0.132,0.2,0.00333333333333333,0.2,0.2
"18",15,0.1,0.181697386979095,0.00756326770929075,0.809898982232804,0.000840363078810084,0.107391908729956,0.384053807709584,6.92954580720758,0.927607134397042,0.0530541755899383,0.0193386900130193,0.306666666666667,0.0408223318237091,0.0676909,0.0217964698,10,0.132,0.2,0.00333333333333333,0.2,0.2
"19",20,0.1,0.148284189310252,0.00712539017226294,0.843798710498345,0.000791710019140327,0.0796598948863824,0.365654828367438,9.04374153247103,0.926040982557264,0.0542019529850732,0.0197570644576629,0.306666666666667,0.0401487269118441,0.0676909,0.0217964698,10,0.132,0.2,0.00333333333333333,0.2,0.2
"20",30,0.1,0.108322646802439,0.00641564349107911,0.884548860429695,0.000712849276786568,0.0503205800119148,0.347184743613193,13.2881743897558,0.92449682498185,0.0553336115602963,0.0201695634578541,0.306666666666667,0.0392330691614101,0.0676909,0.0217964698,10,0.132,0.2,0.00333333333333333,0.2,0.2
"21",50,0.1,0.0702177233404128,0.00548640344210983,0.923686272835021,0.000609600382456647,0.0269097034550154,0.332770437705966,21.8564148097185,0.923493143366517,0.0560691743842392,0.0204376822492434,0.306666666666667,0.0381890856102139,0.0676909,0.0217964698,10,0.132,0.2,0.00333333333333333,0.2,0.2
"22",100,0.1,0.0373080881880744,0.00463964149720065,0.957536754592814,0.000515515721911183,0.0117348711461859,0.322352540033181,43.5973386793852,0.923290473913274,0.0562177036718909,0.0204918224148348,0.306666666666667,0.0370078893337039,0.0676909,0.0217964698,10,0.132,0.2,0.00333333333333333,0.2,0.2
"23",200,0.1,0.0193003256876172,0.00466807048757039,0.975512929326193,0.000518674498618932,0.00599788155026039,0.317284102412452,87.6484174504449,0.923687585331955,0.0559266747319533,0.0203857399360913,0.306666666666667,0.0361184285027772,0.0676909,0.0217964698,10,0.132,0.2,0.00333333333333333,0.2,0.2
"24",0.25,0.2,0.907471262826738,0.00126849560293298,0.0909431176695959,0.000317123900733245,0.786313766064497,0.589759742553586,0.747791861202683,0.988819311354367,0.00819393200809539,0.00298675663753721,0.306666666666667,0.052496502568243,0.0676909,0.0217964698,10,0.132,0.2,0.00333333333333333,0.2,0.2
"25",0.5,0.2,0.832466269349187,0.00246272210070581,0.16445532802493,0.000615680525176453,0.765827799655238,0.588689303395103,0.875052767917742,0.980890688474158,0.0140045398210268,0.00510477170481534,0.306666666666667,0.0498945889276479,0.0676909,0.0217964698,10,0.132,0.2,0.00333333333333333,0.2,0.2
"26",0.75,0.2,0.769819428158524,0.0035121070126886,0.225790438075616,0.00087802675317215,0.731386732372293,0.586817531916873,0.991592653528039,0.974704851002785,0.0185379217315729,0.00675722726564229,0.306666666666667,0.0483350632768538,0.0676909,0.0217964698,10,0.132,0.2,0.00333333333333333,0.2,0.2
"27",1,0.2,0.716349566798269,0.00438477358966718,0.278169466214648,0.0010961933974168,0.688709862276338,0.5841584257663,1.10341759739803,0.969691155944727,0.022212281846332,0.00809656220894131,0.306666666666667,0.0472123918626922,0.0676909,0.0217964698,10,0.132,0.2,0.00333333333333333,0.2,0.2
"28",1.5,0.2,0.629806033392275,0.00564296974187982,0.363140254430375,0.00141074243546996,0.599488280222808,0.57669061244688,1.32055237726104,0.962012133183904,0.0278399665431399,0.0101479002729564,0.306666666666667,0.0456689971127064,0.0676909,0.0217964698,10,0.132,0.2,0.00333333333333333,0.2,0.2
"29",2,0.2,0.563375548683523,0.00642690579985639,0.428590819066657,0.0016067264499641,0.521446273510042,0.566889347201648,1.53408510158224,0.956399665373338,0.0319531460703564,0.0116471885563055,0.306666666666667,0.0446873568474657,0.0676909,0.0217964698,10,0.132,0.2,0.00333333333333333,0.2,0.2
"30",2.5,0.2,0.511379923002956,0.00691498019561429,0.479976351752526,0.00172874504890357,0.458327208318407,0.555492763474353,1.74646680173908,0.952127186365525,0.0350842951082748,0.0127885185262004,0.306666666666667,0.0440364095930044,0.0676909,0.0217964698,10,0.132,0.2,0.00333333333333333,0.2,0.2
"31",3,0.2,0.469881666932896,0.00721843111047645,0.521095294179009,0.00180460777761911,0.407870006391506,0.543211689408894,1.95858067595052,0.948774162384987,0.0375416080152727,0.0136842295997401,0.306666666666667,0.043584940876502,0.0676909,0.0217964698,10,0.132,0.2,0.00333333333333333,0.2,0.2
"32",3.5,0.2,0.436096618926764,0.00740328331632002,0.554649276927836,0.00185082082908,0.367137270639135,0.530638115041674,2.17072651726972,0.946077227750892,0.0395180962015067,0.0144046760476012,0.306666666666667,0.0432555416978632,0.0676909,0.0217964698,10,0.132,0.2,0.00333333333333333,0.2,0.2
"33",4,0.2,0.408053781590757,0.00750992427654639,0.58255881306356,0.0018774810691366,0.333730442006444,0.518213557522305,2.38297395836814,0.943862899936543,0.0411408988865183,0.0149962011769388,0.306666666666667,0.0430020482675877,0.0676909,0.0217964698,10,0.132,0.2,0.00333333333333333,0.2,0.2
"34",4.5,0.2,0.384352193680297,0.0075640734081731,0.606192714559486,0.00189101835204328,0.305878224193438,0.506236394337482,2.59530703079656,0.942012678381631,0.0424968609476552,0.015490460670714,0.306666666666667,0.042796567821599,0.0676909,0.0217964698,10,0.132,0.2,0.00333333333333333,0.2,0.2
"35",5,0.2,0.363988085763286,0.00758264707215311,0.626533605396522,0.00189566176803828,0.282301503716794,0.494887551283733,2.80768491437199,0.940443260359823,0.0436470320122969,0.0159097076278802,0.306666666666667,0.0426220372049902,0.0676909,0.0217964698,10,0.132,0.2,0.00333333333333333,0.2,0.2
"36",6,0.2,0.33055802543015,0.00755497216431985,0.65999825936445,0.00188874304107996,0.244512936585071,0.474387778565875,3.23241637754354,0.93792264118004,0.0454943048263477,0.0165830539936126,0.306666666666667,0.0423276733347157,0.0676909,0.0217964698,10,0.132,0.2,0.00333333333333333,0.2,0.2
"37",7,0.2,0.3039477246117,0.00748138115462105,0.686700548945024,0.00187034528865526,0.215485708771308,0.456855286638858,3.65693261668826,0.935983730697321,0.046915263871781,0.0171010054308985,0.306666666666667,0.042074006252613,0.0676909,0.0217964698,10,0.132,0.2,0.00333333333333333,0.2,0.2
"38",8,0.2,0.281997126125885,0.00738800237541291,0.708767870904848,0.00184700059385323,0.192427339683931,0.442010393857869,4.08112287486056,0.934442920906127,0.0480444689741324,0.017512610119741,0.306666666666667,0.0418435486429393,0.0676909,0.0217964698,10,0.132,0.2,0.00333333333333333,0.2,0.2
"39",9,0.2,0.263409103855554,0.00728756755445402,0.727481436701378,0.0018218918886135,0.173632054774763,0.42945470989594,4.50496058528023,0.933187027657933,0.0489648688002329,0.0178481035418341,0.306666666666667,0.0416294236414422,0.0676909,0.0217964698,10,0.132,0.2,0.00333333333333333,0.2,0.2
"40",10,0.2,0.247358720476619,0.00718623915226571,0.743658480583049,0.00179655978806643,0.157996969910667,0.418797989916085,4.92846601708608,0.932142553542138,0.0497303270077097,0.0181271194501525,0.306666666666667,0.041428804189214,0.0676909,0.0217964698,10,0.132,0.2,0.00333333333333333,0.2,0.2
"41",15,0.2,0.190489466557905,0.00672290463048067,0.801106902653994,0.00168072615762017,0.107391908729956,0.384053807709584,7.04277740950645,0.92877104455501,0.0522011869234804,0.0190277685215095,0.306666666666667,0.0405926188480572,0.0676909,0.0217964698,10,0.132,0.2,0.00333333333333333,0.2,0.2
"42",20,0.2,0.155059855857099,0.00633368015312262,0.837023043951498,0.00158342003828065,0.0796598948863824,0.365654828367438,9.15644822049118,0.9269513438354,0.0535347813418698,0.01951387482273,0.306666666666667,0.039971762375537,0.0676909,0.0217964698,10,0.132,0.2,0.00333333333333333,0.2,0.2
"43",30,0.2,0.112796259451333,0.00570279421429254,0.880075247780801,0.00142569855357314,0.0503205800119148,0.347184743613193,13.3976408466812,0.925113729491415,0.0548815040231776,0.0200047664854072,0.306666666666667,0.039116892404236,0.0676909,0.0217964698,10,0.132,0.2,0.00333333333333333,0.2,0.2
"44",50,0.2,0.0727100424660172,0.00487680305965318,0.921193953709416,0.00121920076491329,0.0269097034550154,0.332770437705966,21.9600428833681,0.923854174454482,0.0558045874449773,0.0203412381005411,0.306666666666667,0.0381250520327792,0.0676909,0.0217964698,10,0.132,0.2,0.00333333333333333,0.2,0.2
"45",100,0.2,0.0384330653775991,0.00412412577528947,0.956411777403289,0.00103103144382237,0.0117348711461859,0.322352540033181,43.7015125048176,0.923473330851662,0.0560836942769557,0.0204429748713819,0.306666666666667,0.0369796387109924,0.0676909,0.0217964698,10,0.132,0.2,0.00333333333333333,0.2,0.2
"46",200,0.2,0.0198857779350252,0.00414939598895146,0.974927477078786,0.00103734899723786,0.00599788155026039,0.317284102412452,87.7822041112231,0.923803891173643,0.0558414382864052,0.0203546705399516,0.306666666666667,0.0361043572198342,0.0676909,0.0217964698,10,0.132,0.2,0.00333333333333333,0.2,0.2
"47",0.25,0.3,0.915956686441875,0.00110993365256636,0.082457694054459,0.000475685851099868,0.786313766064497,0.589759742553586,0.823816942032395,0.989851109457377,0.00743776360290103,0.002711126939722,0.306666666666667,0.0524841762752466,0.0676909,0.0217964698,10,0.132,0.2,0.00333333333333333,0.2,0.2
"48",0.5,0.3,0.847338652431842,0.00215488183811759,0.149582944942275,0.00092352078776468,0.765827799655238,0.588689303395103,0.961342007608146,0.982605923998583,0.0127475042563612,0.00464657174505539,0.306666666666667,0.0498289091668501,0.0676909,0.0217964698,10,0.132,0.2,0.00333333333333333,0.2,0.2
"49",0.75,0.3,0.789162962036074,0.00307309363610252,0.206446904198065,0.00131704012975822,0.731386732372293,0.586817531916873,1.08524830397953,0.976887792569166,0.0169381209197009,0.00617408651113325,0.306666666666667,0.0481815781991339,0.0676909,0.0217964698,10,0.132,0.2,0.00333333333333333,0.2,0.2
"50",1,0.3,0.738567748438361,0.00383667689095878,0.255951284574554,0.00164429009612519,0.688709862276338,0.5841584257663,1.20236129944737,0.972185305778927,0.0203844074812392,0.00743028673983425,0.306666666666667,0.0469597195920428,0.0676909,0.0217964698,10,0.132,0.2,0.00333333333333333,0.2,0.2
"51",1.5,0.3,0.65454160285227,0.00493759852414485,0.33840468497038,0.00211611365320493,0.599488280222808,0.57669061244688,1.42606073035814,0.964822698807172,0.0257802022163379,0.00939709897648964,0.306666666666667,0.0452512586159716,0.0676909,0.0217964698,10,0.132,0.2,0.00333333333333333,0.2,0.2
"52",2,0.3,0.588326358600241,0.00562354257487434,0.403640009149938,0.00241008967494615,0.521446273510042,0.566889347201648,1.64319031532044,0.959294657988707,0.0298315081814826,0.0108738338298099,0.306666666666667,0.0441761506721342,0.0676909,0.0217964698,10,0.132,0.2,0.00333333333333333,0.2,0.2
"53",2.5,0.3,0.535598556912527,0.00605060767116251,0.455757717842955,0.00259311757335536,0.458327208318407,0.555492763474353,1.85771496798892,0.954994021602268,0.0329832927681854,0.0120226856295467,0.306666666666667,0.0434858174250556,0.0676909,0.0217964698,10,0.132,0.2,0.00333333333333333,0.2,0.2
"54",3,0.3,0.493023339888931,0.0063161272216669,0.497953621222974,0.00270691166642867,0.407870006391506,0.543211689408894,2.07122061443987,0.951559995607095,0.0354999691921793,0.0129400352007259,0.306666666666667,0.0430263331484537,0.0676909,0.0217964698,10,0.132,0.2,0.00333333333333333,0.2,0.2
"55",3.5,0.3,0.458073572873913,0.00647787290178002,0.532672322980687,0.00277623124362001,0.367137270639135,0.530638115041674,2.28434543496098,0.948759242006744,0.0375525426337683,0.0136882153594874,0.306666666666667,0.0427054162100532,0.0676909,0.0217964698,10,0.132,0.2,0.00333333333333333,0.2,0.2
"56",4,0.3,0.428886012536932,0.00657118374197809,0.561726582117385,0.0028162216037049,0.333730442006444,0.518213557522305,2.49732917269887,0.946433474204382,0.0392570157519445,0.014309510043674,0.306666666666667,0.0424684975348662,0.0676909,0.0217964698,10,0.132,0.2,0.00333333333333333,0.2,0.2
"57",4.5,0.3,0.404102549540696,0.00661856423215147,0.586442358699087,0.00283652752806491,0.305878224193438,0.506236394337482,2.71024514670231,0.94447184835795,0.0406946220855451,0.0148335295565045,0.306666666666667,0.0422831436443682,0.0676909,0.0217964698,10,0.132,0.2,0.00333333333333333,0.2,0.2
"58",5,0.3,0.382733601089445,0.00663481618813397,0.607788090070364,0.00284349265205742,0.282301503716794,0.494887551283733,2.92310152876672,0.942794816467612,0.041923659555452,0.0152815239769365,0.306666666666667,0.0421298836741739,0.0676909,0.0217964698,10,0.132,0.2,0.00333333333333333,0.2,0.2
"59",6,0.3,0.347525594722868,0.00661060064377987,0.643030690071732,0.00283311456161994,0.244512936585071,0.474387778565875,3.34857803251754,0.94007609517362,0.0439161144156118,0.0160077904107678,0.306666666666667,0.041877107555037,0.0676909,0.0217964698,10,0.132,0.2,0.00333333333333333,0.2,0.2
"60",7,0.3,0.319411588391388,0.00654620851029342,0.671236685165335,0.00280551793298289,0.215485708771308,0.456855286638858,3.77364097654756,0.937963578234768,0.0454643035040963,0.0165721182611362,0.306666666666667,0.0416611062328522,0.0676909,0.0217964698,10,0.132,0.2,0.00333333333333333,0.2,0.2
"61",8,0.3,0.296181655979949,0.00646450207848629,0.694583341050785,0.00277050089077984,0.192427339683931,0.442010393857869,4.19823063286774,0.936271606184653,0.0467042900896857,0.0170241037256614,0.306666666666667,0.0414637915724555,0.0676909,0.0217964698,10,0.132,0.2,0.00333333333333333,0.2,0.2
"62",9,0.3,0.276494937560993,0.00637662161014726,0.71439560299594,0.00273283783292026,0.173632054774763,0.42945470989594,4.6223480865348,0.934883786043021,0.0477213744787082,0.0173948394782704,0.306666666666667,0.0412786619322391,0.0676909,0.0217964698,10,0.132,0.2,0.00333333333333333,0.2,0.2
"63",10,0.3,0.259491693736894,0.00628795925823249,0.731525507322774,0.00269483968209964,0.157996969910667,0.418797989916085,5.04603155384947,0.933723537931767,0.0485716793604076,0.0177047827078257,0.306666666666667,0.0411034718137075,0.0676909,0.0217964698,10,0.132,0.2,0.00333333333333333,0.2,0.2
"64",15,0.3,0.199281546136716,0.00588254155167058,0.792314823075183,0.00252108923643025,0.107391908729956,0.384053807709584,7.16008427726521,0.929938020435938,0.0513459514968912,0.018716028067171,0.306666666666667,0.0403577190371759,0.0676909,0.0217964698,10,0.132,0.2,0.00333333333333333,0.2,0.2
"65",20,0.3,0.161835522403946,0.00554197013398229,0.830247377404651,0.00237513005742098,0.0796598948863824,0.365654828367438,9.27223467283595,0.927863534374605,0.0528662690978058,0.019270196527589,0.306666666666667,0.0397918867708899,0.0676909,0.0217964698,10,0.132,0.2,0.00333333333333333,0.2,0.2
"66",30,0.3,0.117269872100227,0.00498994493750598,0.875601635131907,0.0021385478303597,0.0503205800119148,0.347184743613193,13.5090736211153,0.92573144652545,0.0544288010155593,0.0198397524589909,0.306666666666667,0.0389995350085192,0.0676909,0.0217964698,10,0.132,0.2,0.00333333333333333,0.2,0.2
"67",50,0.3,0.0752023615916215,0.00426720267719653,0.918701634583812,0.00182880114736994,0.0269097034550154,0.332770437705966,22.0647374673043,0.924215477440106,0.0555398012415188,0.020244721318375,0.306666666666667,0.0380606767829852,0.0676909,0.0217964698,10,0.132,0.2,0.00333333333333333,0.2,0.2
"68",100,0.3,0.0395580425671235,0.00360861005337828,0.955286800213765,0.00154654716573355,0.0117348711461859,0.322352540033181,43.8062252565838,0.923656257320745,0.0559496339254292,0.020394108753826,0.306666666666667,0.0369513230890356,0.0676909,0.0217964698,10,0.132,0.2,0.00333333333333333,0.2,0.2
"69",200,0.3,0.020471230182433,0.00363072149033252,0.974342024831378,0.0015560234958568,0.00599788155026039,0.317284102412452,87.9164326242591,0.923920225402428,0.0557561810369555,0.0203235935606161,0.306666666666667,0.0360902694956663,0.0676909,0.0217964698,10,0.132,0.2,0.00333333333333333,0.2,0.2
"70",0.25,0.4,0.924442110057012,0.000951371702199736,0.0739722704393222,0.000634247801466491,0.786313766064497,0.589759742553586,0.917266677252863,0.990885063003831,0.0066800155492977,0.00243492144687135,0.306666666666667,0.0524690226297784,0.0676909,0.0217964698,10,0.132,0.2,0.00333333333333333,0.2,0.2
"71",0.5,0.4,0.862211035514498,0.00184704157552936,0.13471056185962,0.00123136105035291,0.765827799655238,0.588689303395103,1.06691987249719,0.984327167976961,0.0114860653079044,0.00418676671513457,0.306666666666667,0.0497487294622803,0.0676909,0.0217964698,10,0.132,0.2,0.00333333333333333,0.2,0.2
"72",0.75,0.4,0.808506495913624,0.00263408025951645,0.187103370320515,0.0017560535063443,0.731386732372293,0.586817531916873,1.19900209423419,0.979080533690347,0.0153311383600595,0.00558832794959365,0.306666666666667,0.0479963577138488,0.0676909,0.0217964698,10,0.132,0.2,0.00333333333333333,0.2,0.2
"73",1,0.4,0.760785930078455,0.00328858019225039,0.233733102934461,0.00219238679483359,0.688709862276338,0.5841584257663,1.32146931013303,0.974692327978457,0.0185470994140153,0.00676057260752754,0.306666666666667,0.0466589931939137,0.0676909,0.0217964698,10,0.132,0.2,0.00333333333333333,0.2,0.2
"74",1.5,0.4,0.679277172312264,0.00423222730640987,0.313669115510386,0.00282148487093991,0.599488280222808,0.57669061244688,1.55068587328684,0.967649819544211,0.023708305231082,0.00864187522470691,0.306666666666667,0.0447675114464111,0.0676909,0.0217964698,10,0.132,0.2,0.00333333333333333,0.2,0.2
"75",2,0.4,0.61327716851696,0.00482017934989229,0.37868919923322,0.00321345289992819,0.521446273510042,0.566889347201648,1.76983708244361,0.962207468451044,0.0276968122215717,0.0100957193273843,0.306666666666667,0.0435972876695709,0.0676909,0.0217964698,10,0.132,0.2,0.00333333333333333,0.2,0.2
"76",2.5,0.4,0.559817190822098,0.00518623514671072,0.431539083933384,0.00345749009780715,0.458327208318407,0.555492763474353,1.98493566441457,0.957878594647997,0.0308692910140694,0.0112521143379332,0.306666666666667,0.04287296667162,0.0676909,0.0217964698,10,0.132,0.2,0.00333333333333333,0.2,0.2
"77",3,0.4,0.516165012844966,0.00541382333285734,0.474811948266938,0.00360921555523823,0.407870006391506,0.543211689408894,2.1984255872559,0.95436282390282,0.033445875279591,0.0121913008175888,0.306666666666667,0.0424126895290268,0.0676909,0.0217964698,10,0.132,0.2,0.00333333333333333,0.2,0.2
"78",3.5,0.4,0.480050526821062,0.00555246248724001,0.510695369033538,0.00370164165816001,0.367137270639135,0.530638115041674,2.41130785088149,0.95145721788985,0.0355752913528925,0.0129674907572574,0.306666666666667,0.0421072802679493,0.0676909,0.0217964698,10,0.132,0.2,0.00333333333333333,0.2,0.2
"79",4,0.4,0.449718243483106,0.00563244320740979,0.540894351171211,0.0037549621382732,0.333730442006444,0.518213557522305,2.62397627517867,0.94901888069075,0.0373622626080161,0.0136188567012335,0.306666666666667,0.0418931479850155,0.0676909,0.0217964698,10,0.132,0.2,0.00333333333333333,0.2,0.2
"80",4.5,0.4,0.423852905401095,0.00567305505612983,0.566692002838688,0.00378203670408655,0.305878224193438,0.506236394337482,2.83656812318226,0.946944724414241,0.0388823385212761,0.0141729370644832,0.306666666666667,0.0417332262186016,0.0676909,0.0217964698,10,0.132,0.2,0.00333333333333333,0.2,0.2
"81",5,0.4,0.401479116415603,0.00568698530411483,0.589042574744206,0.00379132353607656,0.282301503716794,0.494887551283733,3.04911603345274,0.945159004248338,0.0401910297914337,0.0146499659602281,0.306666666666667,0.0416057169546128,0.0676909,0.0217964698,10,0.132,0.2,0.00333333333333333,0.2,0.2
"82",6,0.4,0.364493164015587,0.00566622912323989,0.626063120779013,0.00377748608215992,0.244512936585071,0.474387778565875,3.47404381968587,0.942240258977956,0.0423300751626508,0.0154296658593929,0.306666666666667,0.0414015009625922,0.0676909,0.0217964698,10,0.132,0.2,0.00333333333333333,0.2,0.2
"83",7,0.4,0.334875452171076,0.00561103586596579,0.655772821385647,0.00374069057731053,0.215485708771308,0.456855286638858,3.89863532856285,0.939952531210975,0.0440066700817839,0.0160407987072412,0.306666666666667,0.0412282040260842,0.0676909,0.0217964698,10,0.132,0.2,0.00333333333333333,0.2,0.2
"84",8,0.4,0.310366185834012,0.00554100178155968,0.680398811196722,0.00369400118770645,0.192427339683931,0.442010393857869,4.32280134102282,0.938108075298287,0.0453584067072734,0.0165335179944398,0.306666666666667,0.0410677603991395,0.0676909,0.0217964698,10,0.132,0.2,0.00333333333333333,0.2,0.2
"85",9,0.4,0.289580771266432,0.00546567566584051,0.7013097692905,0.00364378377722701,0.173632054774763,0.42945470989594,4.74651808419412,0.936587241079156,0.046472972418037,0.0169397865028075,0.306666666666667,0.040914449938635,0.0676909,0.0217964698,10,0.132,0.2,0.00333333333333333,0.2,0.2
"86",10,0.4,0.271624666997169,0.00538967936419928,0.719392534062499,0.00359311957613285,0.157996969910667,0.418797989916085,5.16980646593546,0.935310321367456,0.0474087817969653,0.0172808968355784,0.306666666666667,0.0407668735510835,0.0676909,0.0217964698,10,0.132,0.2,0.00333333333333333,0.2,0.2
"87",15,0.4,0.208073625715526,0.0050421784728605,0.783522743496373,0.00336145231524033,0.107391908729956,0.384053807709584,7.28169095850781,0.931108078993026,0.0504884568857686,0.0184034641212055,0.306666666666667,0.0401174547098038,0.0676909,0.0217964698,10,0.132,0.2,0.00333333333333333,0.2,0.2
"88",20,0.4,0.168611188950793,0.00475026011484196,0.823471710857804,0.00316684007656131,0.0796598948863824,0.365654828367438,9.39122899545991,0.928777560629074,0.0521964115228289,0.0190260278480967,0.306666666666667,0.039609027671542,0.0676909,0.0217964698,10,0.132,0.2,0.00333333333333333,0.2,0.2
"89",30,0.4,0.121743484749121,0.00427709566071941,0.871128022483013,0.00285139710714627,0.0503205800119148,0.347184743613193,13.6225261416768,0.926349977516142,0.0539755014878408,0.019674520996017,0.306666666666667,0.0388809788851042,0.0676909,0.0217964698,10,0.132,0.2,0.00333333333333333,0.2,0.2
"90",50,0.4,0.077694680717226,0.00365760229473988,0.916209315458207,0.00243840152982659,0.0269097034550154,0.332770437705966,22.170515086099,0.924577052545905,0.0552748156107907,0.0201481318433041,0.306666666666667,0.0379959571188575,0.0676909,0.0217964698,10,0.132,0.2,0.00333333333333333,0.2,0.2
"91",100,0.4,0.0406830197566481,0.0030930943314671,0.95416182302424,0.00206206288764473,0.0117348711461859,0.322352540033181,43.9114811217555,0.923839253350049,0.0558155225956716,0.0203452240542792,0.306666666666667,0.0369229422432488,0.0676909,0.0217964698,10,0.132,0.2,0.00333333333333333,0.2,0.2
"92",200,0.4,0.021056682429841,0.00311204699171359,0.97375657258397,0.00207469799447573,0.00599788155026039,0.317284102412452,88.051105180253,0.924036588027105,0.0556709029771591,0.0202925089957355,0.306666666666667,0.0360761653014411,0.0676909,0.0217964698,10,0.132,0.2,0.00333333333333333,0.2,0.2
"93",0.25,0.5,0.932927533672149,0.000792809751833114,0.0654868468241854,0.000792809751833114,0.786313766064497,0.589759742553586,1.03490691025918,0.991921178717658,0.00592068291955577,0.00215813836278672,0.306666666666667,0.052449942822702,0.0676909,0.0217964698,10,0.132,0.2,0.00333333333333333,0.2,0.2
"94",0.5,0.5,0.877083418597153,0.00153920131294113,0.119838178776965,0.00153920131294113,0.765827799655238,0.588689303395103,1.19906766306937,0.986054451755553,0.0102202000030875,0.00372534824135977,0.306666666666667,0.0496486523521306,0.0676909,0.0217964698,10,0.132,0.2,0.00333333333333333,0.2,0.2
"95",0.75,0.5,0.827850029791174,0.00219506688293037,0.167759836442965,0.00219506688293037,0.731386732372293,0.586817531916873,1.34010109065318,0.981283140435838,0.0137169256326372,0.00499993393152483,0.306666666666667,0.0477684242525651,0.0676909,0.0217964698,10,0.132,0.2,0.00333333333333333,0.2,0.2
"96",1,0.5,0.783004111718548,0.00274048349354199,0.211514921294368,0.00274048349354199,0.688709862276338,0.5841584257663,1.46760528481956,0.977212325253045,0.0167002823723279,0.00608739237462756,0.306666666666667,0.0462950634386379,0.0676909,0.0217964698,10,0.132,0.2,0.00333333333333333,0.2,0.2
"97",1.5,0.5,0.704012741772259,0.00352685608867489,0.288933546050391,0.00352685608867489,0.599488280222808,0.57669061244688,1.70014222765042,0.97049366399163,0.0216241520288681,0.00788218397950171,0.306666666666667,0.0442007679850238,0.0676909,0.0217964698,10,0.132,0.2,0.00333333333333333,0.2,0.2
"98",2,0.5,0.638227978433679,0.00401681612491024,0.353738389316501,0.00401681612491024,0.521446273510042,0.566889347201648,1.91862841572901,0.965138312751744,0.0255488998981543,0.00931278735010199,0.306666666666667,0.0429363847453857,0.0676909,0.0217964698,10,0.132,0.2,0.00333333333333333,0.2,0.2
"99",2.5,0.5,0.584035824731668,0.00432186262225893,0.407320450023814,0.00432186262225893,0.458327208318407,0.555492763474353,2.13183897366897,0.960781146816844,0.0287421129953191,0.0104767401878367,0.306666666666667,0.0421866646229242,0.0676909,0.0217964698,10,0.132,0.2,0.00333333333333333,0.2,0.2
"100",3,0.5,0.539306685801001,0.00451151944404778,0.451670275310903,0.00451151944404778,0.407870006391506,0.543211689408894,2.34322090184007,0.957182894884833,0.0313791448109237,0.0114379603042438,0.306666666666667,0.0417354551106319,0.0676909,0.0217964698,10,0.132,0.2,0.00333333333333333,0.2,0.2
"101",3.5,0.5,0.502027480768211,0.00462705207270001,0.488718415086388,0.00462705207270001,0.367137270639135,0.530638115041674,2.55411645834068,0.954171396052207,0.0335861659935258,0.012242437954267,0.306666666666667,0.0414545621695268,0.0676909,0.0217964698,10,0.132,0.2,0.00333333333333333,0.2,0.2
"102",4,0.5,0.470550474429281,0.00469370267284149,0.520062120225037,0.00469370267284149,0.333730442006444,0.518213557522305,2.76501523401534,0.951619345201487,0.0354564739696064,0.0129241808289062,0.306666666666667,0.0412708875437139,0.0676909,0.0217964698,10,0.132,0.2,0.00333333333333333,0.2,0.2
"103",4.5,0.5,0.443603261261494,0.00472754588010819,0.546941646978289,0.00472754588010819,0.305878224193438,0.506236394337482,2.97606106462402,0.949431513592874,0.0370598585208022,0.0135086278863235,0.306666666666667,0.0411427813634866,0.0676909,0.0217964698,10,0.132,0.2,0.00333333333333333,0.2,0.2
"104",5,0.5,0.420224631741762,0.00473915442009569,0.570297059418047,0.00473915442009569,0.282301503716794,0.494887551283733,3.18726352221826,0.947536010665184,0.0384490057015265,0.0140149836332891,0.306666666666667,0.0410463084917101,0.0676909,0.0217964698,10,0.132,0.2,0.00333333333333333,0.2,0.2
"105",6,0.5,0.381460733308305,0.00472185760269991,0.609095551486295,0.00472185760269991,0.244512936585071,0.474387778565875,3.60998265408238,0.94441528102708,0.0407360782854023,0.014848640687518,0.306666666666667,0.0408987063746616,0.0676909,0.0217964698,10,0.132,0.2,0.00333333333333333,0.2,0.2
"106",7,0.5,0.350339315950765,0.00467586322163816,0.640308957605959,0.00467586322163816,0.215485708771308,0.456855286638858,4.032834248819,0.941950705442401,0.0425422787270503,0.0155070158305488,0.306666666666667,0.0407738100993555,0.0676909,0.0217964698,10,0.132,0.2,0.00333333333333333,0.2,0.2
"107",8,0.5,0.324550715688075,0.00461750148463307,0.666214281342658,0.00461750148463307,0.192427339683931,0.442010393857869,4.45557484195008,0.939952418130193,0.0440067529546969,0.01604082891511,0.306666666666667,0.0406543861019102,0.0676909,0.0217964698,10,0.132,0.2,0.00333333333333333,0.2,0.2
"108",9,0.5,0.302666604971871,0.00455472972153376,0.688223935585062,0.00455472972153376,0.173632054774763,0.42945470989594,4.87807826972428,0.938297462577729,0.0452196114559136,0.0164829259663576,0.306666666666667,0.0405359988920751,0.0676909,0.0217964698,10,0.132,0.2,0.00333333333333333,0.2,0.2
"109",10,0.5,0.283757640257445,0.00449139947016607,0.707259560802223,0.00449139947016607,0.157996969910667,0.418797989916085,5.30029791894609,0.936902958288747,0.0462415944205659,0.0168554472906876,0.306666666666667,0.0404184139035094,0.0676909,0.0217964698,10,0.132,0.2,0.00333333333333333,0.2,0.2
"110",15,0.5,0.216865705294336,0.00420181539405042,0.774730663917563,0.00420181539405042,0.107391908729956,0.384053807709584,7.40783883101157,0.932281237516851,0.0496286904184591,0.0180900720646896,0.306666666666667,0.0398716399753599,0.0676909,0.0217964698,10,0.132,0.2,0.00333333333333333,0.2,0.2
"111",20,0.5,0.17538685549764,0.00395855009570163,0.816696044310957,0.00395855009570163,0.0796598948863824,0.365654828367438,9.51356650337033,0.929693429114027,0.0515252038421651,0.0187813670438078,0.306666666666667,0.0394231102284505,0.0676909,0.0217964698,10,0.132,0.2,0.00333333333333333,0.2,0.2
"112",30,0.5,0.126217097398016,0.00356424638393284,0.866654409834119,0.00356424638393284,0.0503205800119148,0.347184743613193,13.7380537896788,0.926969323895412,0.0535216043906185,0.0195090717139693,0.306666666666667,0.038761205573401,0.0676909,0.0217964698,10,0.132,0.2,0.00333333333333333,0.2,0.2
"113",50,0.5,0.0801869998428305,0.00304800191228324,0.913716996332603,0.00304800191228324,0.0269097034550154,0.332770437705966,22.2773926072008,0.924938899993684,0.0550096303902397,0.020051469616076,0.306666666666667,0.0379308902690034,0.0676909,0.0217964698,10,0.132,0.2,0.00333333333333333,0.2,0.2
"114",100,0.5,0.0418079969461727,0.00257757860955592,0.953036845834715,0.00257757860955592,0.0117348711461859,0.322352540033181,44.0172843308637,0.92402231896907,0.0556813602660673,0.0202963207648625,0.306666666666667,0.0368944959480118,0.0676909,0.0217964698,10,0.132,0.2,0.00333333333333333,0.2,0.2
"115",200,0.5,0.0216421346772491,0.00259337249309466,0.973171120336562,0.00259337249309466,0.00599788155026039,0.317284102412452,88.1862239844068,0.924152979056469,0.0555856041005706,0.0202614168429604,0.306666666666667,0.0360620446082589,0.0676909,0.0217964698,10,0.132,0.2,0.00333333333333333,0.2,0.2
"116",0.25,0.6,0.941412957287285,0.000634247801466491,0.0570014232090485,0.000951371702199736,0.786313766064497,0.589759742553586,1.18752708238072,0.992959463328547,0.00515976078172281,0.00188077588973029,0.306666666666667,0.052425183925462,0.0676909,0.0217964698,10,0.132,0.2,0.00333333333333333,0.2,0.2
"117",0.5,0.6,0.891955801679808,0.00123136105035291,0.10496579569431,0.00184704157552936,0.765827799655238,0.588689303395103,1.36925903374302,0.987787806739547,0.00894988532615649,0.00326230793429638,0.306666666666667,0.0495202220247486,0.0676909,0.0217964698,10,0.132,0.2,0.00333333333333333,0.2,0.2
"118",0.75,0.6,0.847193563668724,0.0017560535063443,0.148416302565415,0.00263408025951645,0.731386732372293,0.586817531916873,1.51975258949205,0.983495679435612,0.0120954339066792,0.00440888665770903,0.306666666666667,0.0474810773958905,0.0676909,0.0217964698,10,0.132,0.2,0.00333333333333333,0.2,0.2
"119",1,0.6,0.805222293358641,0.00219238679483359,0.189296739654275,0.00328858019225039,0.688709862276338,0.5841584257663,1.65114672191404,0.979745402729193,0.014843879312673,0.00541071795813358,0.306666666666667,0.0458456655690359,0.0676909,0.0217964698,10,0.132,0.2,0.00333333333333333,0.2,0.2
"120",1.5,0.6,0.728748311232254,0.00282148487093991,0.264197976590397,0.00423222730640987,0.599488280222808,0.57669061244688,1.88267440200351,0.97335441126852,0.0195276113396386,0.00711797739184192,0.306666666666667,0.0435276645246378,0.0676909,0.0217964698,10,0.132,0.2,0.00333333333333333,0.2,0.2
"121",2,0.6,0.663178788350397,0.00321345289992819,0.328787579399783,0.00482017934989229,0.521446273510042,0.566889347201648,2.09593320254792,0.968087425833299,0.023387599030172,0.00852497513652934,0.306666666666667,0.0421746709528042,0.0676909,0.0217964698,10,0.132,0.2,0.00333333333333333,0.2,0.2
"122",2.5,0.6,0.608254458641239,0.00345749009780715,0.383101816114243,0.00518623514671072,0.458327208318407,0.555492763474353,2.30338167940251,0.96370194290156,0.0266015646546745,0.00969649244376543,0.306666666666667,0.0414128646091016,0.0676909,0.0217964698,10,0.132,0.2,0.00333333333333333,0.2,0.2
"123",3,0.6,0.562448358757037,0.00360921555523823,0.428528602354868,0.00541382333285734,0.407870006391506,0.543211689408894,2.50953330035615,0.960020480442358,0.0292995785281618,0.0106799410294804,0.306666666666667,0.0409842050361289,0.0676909,0.0217964698,10,0.132,0.2,0.00333333333333333,0.2,0.2
"124",3.5,0.6,0.524004434715361,0.00370164165816001,0.466741461139239,0.00555246248724001,0.367137270639135,0.530638115041674,2.71594273763663,0.956902039949601,0.0315849734782232,0.0115129865721754,0.306666666666667,0.0407394334871954,0.0676909,0.0217964698,10,0.132,0.2,0.00333333333333333,0.2,0.2
"125",4,0.6,0.491382705375455,0.0037549621382732,0.499229889278862,0.00563244320740979,0.333730442006444,0.518213557522305,2.92305430510844,0.954235113827431,0.0335394694854268,0.0122254166871419,0.306666666666667,0.040595735085995,0.0676909,0.0217964698,10,0.132,0.2,0.00333333333333333,0.2,0.2
"126",4.5,0.6,0.463353617121893,0.00378203670408655,0.52719129111789,0.00567305505612983,0.305878224193438,0.506236394337482,3.13090376895773,0.951932440407354,0.0352270175461029,0.012840542046543,0.306666666666667,0.0405071575326584,0.0676909,0.0217964698,10,0.132,0.2,0.00333333333333333,0.2,0.2
"127",5,0.6,0.43897014706792,0.00379132353607656,0.551551544091889,0.00568698530411483,0.282301503716794,0.494887551283733,3.33939138977873,0.949926037436425,0.0366974394535279,0.0133765231100474,0.306666666666667,0.0404479804925899,0.0676909,0.0217964698,10,0.132,0.2,0.00333333333333333,0.2,0.2
"128",6,0.6,0.398428302601023,0.00377748608215992,0.592127982193577,0.00566622912323989,0.244512936585071,0.474387778565875,3.75776837846071,0.946601319955095,0.0391340075265318,0.0142646725183737,0.306666666666667,0.0403663238985573,0.0676909,0.0217964698,10,0.132,0.2,0.00333333333333333,0.2,0.2
"129",7,0.6,0.365803179730453,0.00374069057731053,0.624845093826271,0.00561103586596579,0.215485708771308,0.456855286638858,4.17729769745729,0.943958223673126,0.0410710394850921,0.0149707368417822,0.306666666666667,0.0402962832572995,0.0676909,0.0217964698,10,0.132,0.2,0.00333333333333333,0.2,0.2
"130",8,0.6,0.338735245542139,0.00369400118770645,0.652029751488595,0.00554100178155968,0.192427339683931,0.442010393857869,4.59739239394057,0.941804729252243,0.0426492595235705,0.0155460112241864,0.306666666666667,0.0402225039338311,0.0676909,0.0217964698,10,0.132,0.2,0.00333333333333333,0.2,0.2
"131",9,0.6,0.31575243867731,0.00364378377722701,0.675138101879623,0.00546567566584051,0.173632054774763,0.42945470989594,5.01771136469483,0.940014523532735,0.043961238097617,0.0160242383696483,0.306666666666667,0.040142457119753,0.0676909,0.0217964698,10,0.132,0.2,0.00333333333333333,0.2,0.2
"132",10,0.6,0.29589061351772,0.00359311957613285,0.695126587541948,0.00538967936419928,0.157996969910667,0.418797989916085,5.43806999744545,0.938501505307782,0.0450700757421674,0.016428418950051,0.306666666666667,0.0400574546509164,0.0676909,0.0217964698,10,0.132,0.2,0.00333333333333333,0.2,0.2
"133",15,0.6,0.225657784873147,0.00336145231524033,0.765938584338753,0.0050421784728605,0.107391908729956,0.384053807709584,7.53878771059464,0.933457513652265,0.0487666391636745,0.0177758471840607,0.306666666666667,0.0396200802542895,0.0676909,0.0217964698,10,0.132,0.2,0.00333333333333333,0.2,0.2
"134",20,0.6,0.182162522044487,0.00316684007656131,0.80992037776411,0.00475026011484196,0.0796598948863824,0.365654828367438,9.63939023514946,0.930611146407514,0.0508526412349928,0.0185362123574929,0.306666666666667,0.0392340570677376,0.0676909,0.0217964698,10,0.132,0.2,0.00333333333333333,0.2,0.2
"135",30,0.6,0.13069071004691,0.00285139710714627,0.862180797185225,0.00427709566071941,0.0503205800119148,0.347184743613193,13.8557139891415,0.927589487094804,0.0530671086747642,0.0193434042304316,0.306666666666667,0.0386401962318027,0.0676909,0.0217964698,10,0.132,0.2,0.00333333333333333,0.2,0.2
"136",50,0.6,0.0826793189684347,0.00243840152982659,0.911224677206999,0.00365760229473988,0.0269097034550154,0.332770437705966,22.3853872498711,0.925301020004526,0.054744245417842,0.0199547345776319,0.306666666666667,0.037865473432216,0.0676909,0.0217964698,10,0.132,0.2,0.00333333333333333,0.2,0.2
"137",100,0.6,0.0429329741356971,0.00206206288764473,0.951911868645191,0.0030930943314671,0.0117348711461859,0.322352540033181,44.123639158464,0.92420545420727,0.055547146915025,0.0202473988777055,0.306666666666667,0.0368659839766624,0.0676909,0.0217964698,10,0.132,0.2,0.00333333333333333,0.2,0.2
"138",200,0.6,0.0222275869246568,0.00207469799447573,0.972585668089154,0.00311204699171359,0.00599788155026039,0.317284102412452,88.321791256544,0.924269398499313,0.0555002844007457,0.0202303170999416,0.306666666666667,0.0360479073871522,0.0676909,0.0217964698,10,0.132,0.2,0.00333333333333333,0.2,0.2
"139",0.25,0.7,0.949898380902422,0.000475685851099868,0.0485159995939117,0.00110993365256636,0.786313766064497,0.589759742553586,1.39345357427415,0.993999923552386,0.00439724421396214,0.00160283223365144,0.306666666666667,0.0523917670392175,0.0676909,0.0217964698,10,0.132,0.2,0.00333333333333333,0.2,0.2
"140",0.5,0.7,0.906828184762463,0.000923520787764679,0.0900934126116544,0.00215488183811759,0.765827799655238,0.588689303395103,1.59668460648441,0.989527264260092,0.00767509831561933,0.00279763742428893,0.306666666666667,0.0493494006413602,0.0676909,0.0217964698,10,0.132,0.2,0.00333333333333333,0.2,0.2
"141",0.75,0.7,0.866537097546274,0.00131704012975822,0.129072768687865,0.00307309363610252,0.731386732372293,0.586817531916873,1.75625728423617,0.985718217859837,0.0104666139555403,0.00381516818462302,0.306666666666667,0.0471076056784712,0.0676909,0.0217964698,10,0.132,0.2,0.00333333333333333,0.2,0.2
"142",1,0.7,0.827440474998734,0.00164429009612519,0.167078558014182,0.00383667689095878,0.688709862276338,0.5841584257663,1.88856373120999,0.982291668883234,0.0129778107365771,0.00473052038018848,0.306666666666667,0.0452766858098793,0.0676909,0.0217964698,10,0.132,0.2,0.00333333333333333,0.2,0.2
"143",1.5,0.7,0.753483880692248,0.00211611365320493,0.239462407130402,0.00493759852414485,0.599488280222808,0.57669061244688,2.11063224998057,0.976232255604199,0.0174185408195813,0.00634920357621933,0.306666666666667,0.0427151600190344,0.0676909,0.0217964698,10,0.132,0.2,0.00333333333333333,0.2,0.2
"144",2,0.7,0.688129598267115,0.00241008967494614,0.303836769483064,0.00562354257487434,0.521446273510042,0.566889347201648,2.31082336770313,0.971055068635019,0.0212127183844163,0.00773221298056511,0.306666666666667,0.0412871760879679,0.0676909,0.0217964698,10,0.132,0.2,0.00333333333333333,0.2,0.2
"145",2.5,0.7,0.63247309255081,0.00259311757335536,0.358883182204672,0.00605060767116251,0.458327208318407,0.555492763474353,2.50633945429449,0.966641278548604,0.0244474293232825,0.00891129212811327,0.306666666666667,0.040533694424015,0.0676909,0.0217964698,10,0.132,0.2,0.00333333333333333,0.2,0.2
"146",3,0.7,0.585590031713072,0.00270691166642867,0.405386929398833,0.0063161272216669,0.407870006391506,0.543211689408894,2.70255414958516,0.962875883290796,0.0272069545818755,0.00991716212732871,0.306666666666667,0.0401461040435222,0.0676909,0.0217964698,10,0.132,0.2,0.00333333333333333,0.2,0.2
"147",3.5,0.7,0.54598138866251,0.00277623124362001,0.44476450719209,0.00647787290178002,0.367137270639135,0.530638115041674,2.90086668296208,0.959649441219301,0.0295715000763265,0.0107790587043729,0.306666666666667,0.0399524935756025,0.0676909,0.0217964698,10,0.132,0.2,0.00333333333333333,0.2,0.2
"148",4,0.7,0.51221493632163,0.0028162216037049,0.478397658332687,0.00657118374197809,0.333730442006444,0.518213557522305,3.1013739848468,0.956866457188609,0.0316110508276133,0.011522491983778,0.306666666666667,0.0398606475664608,0.0676909,0.0217964698,10,0.132,0.2,0.00333333333333333,0.2,0.2
"149",4.5,0.7,0.483103972982292,0.00283652752806491,0.507440935257491,0.00661856423215147,0.305878224193438,0.506236394337482,3.3037863970644,0.954447750124845,0.0333836358495316,0.0121686140256234,0.306666666666667,0.0398209630190975,0.0676909,0.0217964698,10,0.132,0.2,0.00333333333333333,0.2,0.2
"150",5,0.7,0.457715662394078,0.00284349265205742,0.53280602876573,0.00663481618813397,0.282301503716794,0.494887551283733,3.5077431606085,0.952329303549152,0.0349361705595282,0.0127345258913196,0.306666666666667,0.0398065249732883,0.0676909,0.0217964698,10,0.132,0.2,0.00333333333333333,0.2,0.2
"151",6,0.7,0.415395871893742,0.00283311456161994,0.575160412900858,0.00661060064377987,0.244512936585071,0.474387778565875,3.91902682193322,0.948798546057079,0.0375237380827885,0.0136777158601329,0.306666666666667,0.0398016626265798,0.0676909,0.0217964698,10,0.132,0.2,0.00333333333333333,0.2,0.2
"152",7,0.7,0.381267043510141,0.00280551793298289,0.609381230046582,0.00654620851029342,0.215485708771308,0.456855286638858,4.33325536412609,0.945975216427412,0.039592856699285,0.014431926873303,0.306666666666667,0.0397938108353609,0.0676909,0.0217964698,10,0.132,0.2,0.00333333333333333,0.2,0.2
"153",8,0.7,0.352919775396202,0.00277050089077984,0.637845221634532,0.00646450207848629,0.192427339683931,0.442010393857869,4.7492146986775,0.943665108428652,0.0412858533002225,0.0150490382711255,0.306666666666667,0.0397708424619987,0.0676909,0.0217964698,10,0.132,0.2,0.00333333333333333,0.2,0.2
"154",9,0.7,0.328838272382749,0.00273283783292026,0.662052268174184,0.00637662161014727,0.173632054774763,0.42945470989594,5.1661870904444,0.941738500422651,0.0426977962947703,0.0155637032825783,0.306666666666667,0.0397329036462806,0.0676909,0.0217964698,10,0.132,0.2,0.00333333333333333,0.2,0.2
"155",10,0.7,0.308023586777996,0.00269483968209964,0.682993614281672,0.00628795925823249,0.157996969910667,0.418797989916085,5.58375193385917,0.940106021392918,0.0438941825459429,0.0159997960611389,0.306666666666667,0.0396833109498032,0.0676909,0.0217964698,10,0.132,0.2,0.00333333333333333,0.2,0.2
"156",15,0.7,0.234449864451957,0.00252108923643025,0.757146504759942,0.00588254155167058,0.107391908729956,0.384053807709584,7.67481764753259,0.934636925416463,0.0479022899172475,0.0174607846662895,0.306666666666667,0.0393625717643816,0.0676909,0.0217964698,10,0.132,0.2,0.00333333333333333,0.2,0.2
"157",20,0.7,0.188938188591334,0.00237513005742098,0.803144711217263,0.00554197013398229,0.0796598948863824,0.365654828367438,9.76885151219139,0.931530719152309,0.0501787188330585,0.0182905620146325,0.306666666666667,0.0390417881833236,0.0676909,0.0217964698,10,0.132,0.2,0.00333333333333333,0.2,0.2
"158",30,0.7,0.135164322695804,0.0021385478303597,0.85770718453633,0.00498994493750598,0.0503205800119148,0.347184743613193,13.9755663018304,0.928210468545376,0.052612013291506,0.0191775181631179,0.306666666666667,0.0385179316278042,0.0676909,0.0217964698,10,0.132,0.2,0.00333333333333333,0.2,0.2
"159",50,0.7,0.0851716380940393,0.00182880114736994,0.908732358081394,0.00426720267719653,0.0269097034550154,0.332770437705966,22.4945165944004,0.925663412798775,0.0544786605321152,0.0198579266691101,0.306666666666667,0.0377997037770725,0.0676909,0.0217964698,10,0.132,0.2,0.00333333333333333,0.2,0.2
"160",100,0.7,0.0440579513252216,0.00154654716573355,0.950786891455667,0.00360861005337828,0.0117348711461859,0.322352540033181,44.2305499237103,0.924388659094077,0.0554128825209764,0.0201984583849466,0.306666666666667,0.0368374061014906,0.0676909,0.0217964698,10,0.132,0.2,0.00333333333333333,0.2,0.2
"161",200,0.7,0.0228130391720647,0.0015560234958568,0.972000215841746,0.00363072149033252,0.00599788155026039,0.317284102412452,88.4578092312313,0.92438584636443,0.0554149438712395,0.0201992097643301,0.306666666666667,0.0360337536090858,0.0676909,0.0217964698,10,0.132,0.2,0.00333333333333333,0.2,0.2
"162",0.25,0.8,0.958383804517559,0.000317123900733245,0.0400305759787749,0.00126849560293298,0.786313766064497,0.589759742553586,1.68652332043033,0.995042566046634,0.00363312833725798,0.00132430561610825,0.306666666666667,0.0523441884098959,0.0676909,0.0217964698,10,0.132,0.2,0.00333333333333333,0.2,0.2
"163",0.5,0.8,0.921700567845118,0.000615680525176453,0.0752210295289992,0.00246272210070581,0.765827799655238,0.588689303395103,1.91605118085375,0.991272855281329,0.00639581627894887,0.00233132843972178,0.306666666666667,0.0491110517494369,0.0676909,0.0217964698,10,0.132,0.2,0.00333333333333333,0.2,0.2
"164",0.75,0.8,0.885880631423824,0.000878026753172149,0.109729234810315,0.0035121070126886,0.731386732372293,0.586817531916873,2.08167617473351,0.98795082337014,0.0088304161924027,0.00321876043745757,0.306666666666667,0.0466024628588792,0.0676909,0.0217964698,10,0.132,0.2,0.00333333333333333,0.2,0.2
"165",1,0.8,0.849658656638827,0.0010961933974168,0.144860376374089,0.00438477358966718,0.688709862276338,0.5841584257663,2.20765963509937,0.984851237321338,0.0111019933860884,0.00404676929257329,0.306666666666667,0.0445330693325771,0.0676909,0.0217964698,10,0.132,0.2,0.00333333333333333,0.2,0.2
"166",1.5,0.8,0.778219450152243,0.00141074243546996,0.214726837670407,0.00564296974187982,0.599488280222808,0.57669061244688,2.40339017139555,0.979127414088598,0.0152967813711512,0.00557580454025041,0.306666666666667,0.0417149468195652,0.0676909,0.0217964698,10,0.132,0.2,0.00333333333333333,0.2,0.2
"167",2,0.8,0.713080408183834,0.0016067264499641,0.278885959566346,0.00642690579985639,0.521446273510042,0.566889347201648,2.57667908697177,0.974041538927779,0.0190240397351242,0.00693442133709649,0.306666666666667,0.0402399411820139,0.0676909,0.0217964698,10,0.132,0.2,0.00333333333333333,0.2,0.2
"168",2.5,0.8,0.65669172646038,0.00172874504890357,0.334664548295102,0.00691498019561429,0.458327208318407,0.555492763474353,2.75022629779066,0.969599490854401,0.022279459955074,0.00812104919052529,0.306666666666667,0.0395260588454783,0.0676909,0.0217964698,10,0.132,0.2,0.00333333333333333,0.2,0.2
"169",3,0.8,0.608731704669107,0.00180460777761911,0.382245256442797,0.00721843111047645,0.407870006391506,0.543211689408894,2.92929379884384,0.96574944592388,0.0251010219704978,0.00914953210562197,0.306666666666667,0.0392051670671383,0.0676909,0.0217964698,10,0.132,0.2,0.00333333333333333,0.2,0.2
"170",3.5,0.8,0.567958342609659,0.00185082082908,0.422787553244941,0.00740328331632002,0.367137270639135,0.530638115041674,3.11422773139866,0.962413926757609,0.027545506217074,0.0100405670253166,0.306666666666667,0.0390823540126818,0.0676909,0.0217964698,10,0.132,0.2,0.00333333333333333,0.2,0.2
"171",4,0.8,0.533047167267804,0.0018774810691366,0.457565427386513,0.00750992427654639,0.333730442006444,0.518213557522305,3.30415888282953,0.959513675857207,0.0296709977174205,0.0108153264253722,0.306666666666667,0.0390572733990338,0.0676909,0.0217964698,10,0.132,0.2,0.00333333333333333,0.2,0.2
"172",4.5,0.8,0.502854328842691,0.00189101835204328,0.487690579397092,0.0075640734081731,0.305878224193438,0.506236394337482,3.49806840835713,0.956977712861855,0.0315295154722352,0.01149277166591,0.306666666666667,0.0390779126368057,0.0676909,0.0217964698,10,0.132,0.2,0.00333333333333333,0.2,0.2
"173",5,0.8,0.476461177720237,0.00189566176803828,0.514060513439572,0.00758264707215311,0.282301503716794,0.494887551283733,3.69507088959808,0.954746048334923,0.033165023621879,0.0120889280431984,0.306666666666667,0.0391171046462159,0.0676909,0.0217964698,10,0.132,0.2,0.00333333333333333,0.2,0.2
"174",6,0.8,0.43236344118646,0.00188874304107996,0.55819284360814,0.00755497216431985,0.244512936585071,0.474387778565875,4.09569646894507,0.951007143022986,0.0359051353342897,0.0130877216427243,0.306666666666667,0.0392016951457512,0.0676909,0.0217964698,10,0.132,0.2,0.00333333333333333,0.2,0.2
"175",7,0.8,0.39673090728983,0.00187034528865526,0.593917366266894,0.00748138115462105,0.215485708771308,0.456855286638858,4.5021421271488,0.948001822998883,0.0381076282862498,0.0138905487148671,0.306666666666667,0.0392643857057031,0.0676909,0.0217964698,10,0.132,0.2,0.00333333333333333,0.2,0.2
"176",8,0.8,0.367104305250265,0.00184700059385323,0.623660691780468,0.00738800237541291,0.192427339683931,0.442010393857869,4.91214392127258,0.945533661190095,0.0399164569449469,0.0145498818649584,0.306666666666667,0.0392980110662881,0.0676909,0.0217964698,10,0.132,0.2,0.00333333333333333,0.2,0.2
"177",9,0.8,0.341924106088188,0.0018218918886135,0.648966434468745,0.00728756755445402,0.173632054774763,0.42945470989594,5.32437650746422,0.943469473549725,0.0414292271966924,0.0151012992535828,0.306666666666667,0.0393063409981698,0.0676909,0.0217964698,10,0.132,0.2,0.00333333333333333,0.2,0.2
"178",10,0.8,0.320156560038271,0.00179655978806643,0.670860641021397,0.00718623915226571,0.157996969910667,0.418797989916085,5.73804780904024,0.941716568072696,0.0427138697397975,0.0155695621875064,0.306666666666667,0.0392952469966008,0.0676909,0.0217964698,10,0.132,0.2,0.00333333333333333,0.2,0.2
"179",15,0.8,0.243241944030767,0.00168072615762017,0.748354425181132,0.00672290463048067,0.107391908729956,0.384053807709584,7.81623093729773,0.93581949121834,0.0470356291879491,0.0171448795937106,0.306666666666667,0.0390989009702093,0.0676909,0.0217964698,10,0.132,0.2,0.00333333333333333,0.2,0.2
"180",20,0.8,0.195713855138181,0.00158342003828065,0.796369044670416,0.00633368015312262,0.0796598948863824,0.365654828367438,9.90211054725402,0.932452154057893,0.0495034317192192,0.0180444142228874,0.306666666666667,0.0388462208240355,0.0676909,0.0217964698,10,0.132,0.2,0.00333333333333333,0.2,0.2
"181",30,0.8,0.139637935344698,0.00142569855357314,0.853233571887436,0.00570279421429254,0.0503205800119148,0.347184743613193,14.097672527649,0.928832269677585,0.0521563171925121,0.0190114131299024,0.306666666666667,0.0383943921278121,0.0676909,0.0217964698,10,0.132,0.2,0.00333333333333333,0.2,0.2
"182",50,0.8,0.0876639572196437,0.00121920076491329,0.90624003895579,0.00487680305965318,0.0269097034550154,0.332770437705966,22.6047985916163,0.926026078596018,0.0542128755721308,0.0197610458318507,0.306666666666667,0.0377335784415257,0.0676909,0.0217964698,10,0.132,0.2,0.00333333333333333,0.2,0.2
"183",100,0.8,0.0451829285147461,0.00103103144382237,0.949661914266142,0.00412412577528947,0.0117348711461859,0.322352540033181,44.3380209909382,0.924571933658888,0.0552785670623791,0.0201494992787332,0.306666666666667,0.0368087620937326,0.0676909,0.0217964698,10,0.132,0.2,0.00333333333333333,0.2,0.2
"184",200,0.8,0.0233984914194727,0.00103734899723786,0.971414763594338,0.00414939598895146,0.00599788155026039,0.317284102412452,88.5942801579012,0.924502322660616,0.0553295825056073,0.0201680948337767,0.306666666666667,0.0360195832449563,0.0676909,0.0217964698,10,0.132,0.2,0.00333333333333333,0.2,0.2
"185",0.25,0.9,0.966869228132696,0.000158561950366623,0.031545152363638,0.0014270575532996,0.786313766064497,0.589759742553586,2.13689674084857,0.996087397293458,0.00286740840105759,0.00104519430548455,0.306666666666667,0.052271025183514,0.0676909,0.0217964698,10,0.132,0.2,0.00333333333333333,0.2,0.2
"186",0.5,0.9,0.936572950927774,0.000307840262588227,0.060348646446344,0.00277056236329404,0.765827799655238,0.588689303395103,2.39723587587465,0.993024609671508,0.00511201732676093,0.00186337300173144,0.306666666666667,0.0487552697241893,0.0676909,0.0217964698,10,0.132,0.2,0.00333333333333333,0.2,0.2
"187",0.75,0.9,0.905224165301375,0.000439013376586075,0.0903857009327647,0.00395112038927467,0.731386732372293,0.586817531916873,2.5577573661359,0.990193563999611,0.00718679075821657,0.00261964524217276,0.306666666666667,0.045881114277126,0.0676909,0.0217964698,10,0.132,0.2,0.00333333333333333,0.2,0.2
"188",1,0.9,0.87187683827892,0.000548096698708398,0.122642194733996,0.00493287028837558,0.688709862276338,0.5841584257663,2.65934516667161,0.987424230481056,0.00921633753104829,0.00335943198789617,0.306666666666667,0.0435198386799796,0.0676909,0.0217964698,10,0.132,0.2,0.00333333333333333,0.2,0.2
"189",1.5,0.9,0.802955019612238,0.000705371217734978,0.189991268210413,0.0063483409596148,0.599488280222808,0.57669061244688,2.7931715036184,0.982040140476127,0.0131621470266989,0.00479771249717408,0.306666666666667,0.0404534817286234,0.0676909,0.0217964698,10,0.132,0.2,0.00333333333333333,0.2,0.2
"190",2,0.9,0.738031218100553,0.000803363224982048,0.253935149649627,0.00723026902483843,0.521446273510042,0.566889347201648,2.91409285312639,0.977047188560583,0.0168213052245828,0.00613150621483384,0.306666666666667,0.0389855737836384,0.0676909,0.0217964698,10,0.132,0.2,0.00333333333333333,0.2,0.2
"191",2.5,0.9,0.680910360369951,0.000864372524451787,0.310445914385531,0.00777935272006608,0.458327208318407,0.555492763474353,3.048834931501,0.972576973959922,0.0200973676980447,0.00732565834203374,0.306666666666667,0.0383595812662976,0.0676909,0.0217964698,10,0.132,0.2,0.00333333333333333,0.2,0.2
"192",3,0.9,0.631873377625142,0.000902303888809557,0.359103583486762,0.00812073499928601,0.407870006391506,0.543211689408894,3.1994558873741,0.968641563067623,0.0229814914132696,0.00837694551910765,0.306666666666667,0.0381412298739575,0.0676909,0.0217964698,10,0.132,0.2,0.00333333333333333,0.2,0.2
"193",3.5,0.9,0.589935296556808,0.000925410414540002,0.400810599297792,0.00832869373086002,0.367137270639135,0.530638115041674,3.36315217253206,0.965195868161473,0.0255067195701829,0.00929741226834416,0.306666666666667,0.038115083878619,0.0676909,0.0217964698,10,0.132,0.2,0.00333333333333333,0.2,0.2
"194",4,0.9,0.553879398213979,0.000938740534568299,0.436733196440338,0.00844866481111469,0.333730442006444,0.518213557522305,3.53683280725071,0.962177107361343,0.0277190627924077,0.0101038298462496,0.306666666666667,0.0381756337587736,0.0676909,0.0217964698,10,0.132,0.2,0.00333333333333333,0.2,0.2
"195",4.5,0.9,0.52260468470309,0.000945509176021638,0.467940223536693,0.00850958258419474,0.305878224193438,0.506236394337482,3.71800091767998,0.959522628739123,0.0296644364663191,0.0108129347945583,0.306666666666667,0.0382706346450058,0.0676909,0.0217964698,10,0.132,0.2,0.00333333333333333,0.2,0.2
"196",5,0.9,0.495206693046395,0.000947830884019139,0.495314998113414,0.00853047795617225,0.282301503716794,0.494887551283733,3.90478819153712,0.957176535260141,0.0313838055553525,0.011439659184506,0.306666666666667,0.0383741307106773,0.0676909,0.0217964698,10,0.132,0.2,0.00333333333333333,0.2,0.2
"197",6,0.9,0.449331010479178,0.000944371520539981,0.541225274315422,0.00849934368485983,0.244512936585071,0.474387778565875,4.29010756813665,0.953227310006252,0.034278053328513,0.0124946366652349,0.306666666666667,0.038563003239149,0.0676909,0.0217964698,10,0.132,0.2,0.00333333333333333,0.2,0.2
"198",7,0.9,0.412194771069518,0.000935172644327631,0.578453502487206,0.00841655379894868,0.215485708771308,0.456855286638858,4.68564280211112,0.95003819260269,0.0366152448914698,0.0133465625058401,0.306666666666667,0.0387057794809193,0.0676909,0.0217964698,10,0.132,0.2,0.00333333333333333,0.2,0.2
"199",8,0.9,0.381288835104329,0.000923500296926613,0.609476161926405,0.00831150267233952,0.192427339683931,0.442010393857869,5.08745077449272,0.947410499490145,0.0385409884109219,0.0140485120989335,0.306666666666667,0.038802485638069,0.0676909,0.0217964698,10,0.132,0.2,0.00333333333333333,0.2,0.2
"200",9,0.9,0.355009939793627,0.000910945944306752,0.635880600763306,0.00819851349876077,0.173632054774763,0.42945470989594,5.49326929094358,0.945207527422212,0.0401554688702648,0.0146370037075229,0.306666666666667,0.0388616870927922,0.0676909,0.0217964698,10,0.132,0.2,0.00333333333333333,0.2,0.2
"201",10,0.9,0.332289533298546,0.000898279894033213,0.658727667761122,0.00808451904629892,0.157996969910667,0.418797989916085,5.90174804120946,0.943333209662866,0.0415290901889884,0.015137700148146,0.306666666666667,0.0388924711978201,0.0676909,0.0217964698,10,0.132,0.2,0.00333333333333333,0.2,0.2
"202",15,0.9,0.252034023609578,0.000840363078810083,0.739562345602321,0.00756326770929075,0.107391908729956,0.384053807709584,7.96335437606829,0.937005229879222,0.046166643182295,0.0168281269384835,0.306666666666667,0.0388288439925648,0.0676909,0.0217964698,10,0.132,0.2,0.00333333333333333,0.2,0.2
"203",20,0.9,0.202489521685028,0.000791710019140327,0.789593378123569,0.00712539017226294,0.0796598948863824,0.365654828367438,10.0393371074763,0.933375457902542,0.048826774925917,0.0177977671715409,0.306666666666667,0.038647269374854,0.0676909,0.0217964698,10,0.132,0.2,0.00333333333333333,0.2,0.2
"204",30,0.9,0.144111547993592,0.000712849276786568,0.848759959238542,0.00641564349107911,0.0503205800119148,0.347184743613193,14.222096810743,0.929454891921171,0.0517000193299777,0.0188450887488516,0.306666666666667,0.0382695576866346,0.0676909,0.0217964698,10,0.132,0.2,0.00333333333333333,0.2,0.2
"205",50,0.9,0.090156276345248,0.000609600382456647,0.903747719830185,0.00548640344210983,0.0269097034550154,0.332770437705966,22.7162515726935,0.926389017615075,0.0539468903775248,0.0196640920073997,0.306666666666667,0.0376670945324887,0.0676909,0.0217964698,10,0.132,0.2,0.00333333333333333,0.2,0.2
"206",100,0.9,0.0463079057042706,0.000515515721911183,0.948536937076618,0.00463964149720065,0.0117348711461859,0.322352540033181,44.4460567702566,0.924755277931064,0.0551442005177145,0.0201005215512217,0.306666666666667,0.0367800517235646,0.0676909,0.0217964698,10,0.132,0.2,0.00333333333333333,0.2,0.2
"207",200,0.9,0.0239839436668806,0.000518674498618932,0.97082931134693,0.00466807048757039,0.00599788155026039,0.317284102412452,88.7312063009754,0.924618827396662,0.0552442002974056,0.0201369723059326,0.306666666666667,0.0360053962655921,0.0676909,0.0217964698,10,0.132,0.2,0.00333333333333333,0.2,0.2
